-- Data for users
INSERT INTO users (id, u_nm, email_addr, created_at) VALUES (50729, 'valerie85', 'larry08@example.org', '2026-04-01T14:04:18.733005');
INSERT INTO users (id, u_nm, email_addr, created_at) VALUES (96610, 'kevin56', 'bryancarlson@example.org', '2026-01-12T22:07:07.191147');
INSERT INTO users (id, u_nm, email_addr, created_at) VALUES (1841, 'salasalejandro', 'donald23@example.org', '2026-02-09T02:04:55.013203');
INSERT INTO users (id, u_nm, email_addr, created_at) VALUES (52591, 'timothyrichardson', 'sharonwright@example.org', '2026-02-13T09:53:06.105110');
INSERT INTO users (id, u_nm, email_addr, created_at) VALUES (22234, 'caldwellcarla', 'vazquezmichael@example.org', '2026-01-30T19:17:59.379671');
INSERT INTO users (id, u_nm, email_addr, created_at) VALUES (81493, 'zwalker', 'valeriewalker@example.org', '2026-01-02T06:03:10.384267');
INSERT INTO users (id, u_nm, email_addr, created_at) VALUES (54255, 'hschmidt', 'dduarte@example.com', '2026-03-13T16:00:02.895013');
INSERT INTO users (id, u_nm, email_addr, created_at) VALUES (14096, 'tcastaneda', 'dburgess@example.net', '2026-01-18T08:01:55.605348');
INSERT INTO users (id, u_nm, email_addr, created_at) VALUES (5916, 'richard58', 'jeffrey40@example.org', '2026-04-26T14:07:21.317597');
INSERT INTO users (id, u_nm, email_addr, created_at) VALUES (86813, 'hunter87', 'pturner@example.net', '2026-02-20T15:29:44.608909');
INSERT INTO users (id, u_nm, email_addr, created_at) VALUES (55661, 'christopherkirk', 'xfoster@example.org', '2026-04-22T17:31:06.872020');
INSERT INTO users (id, u_nm, email_addr, created_at) VALUES (14862, 'simpsonallen', 'wrivera@example.com', '2026-05-20T14:57:51.928836');
INSERT INTO users (id, u_nm, email_addr, created_at) VALUES (13687, 'andrew27', 'thomasbradley@example.com', '2026-01-07T03:26:28.403849');
INSERT INTO users (id, u_nm, email_addr, created_at) VALUES (61438, 'longryan', 'maliktaylor@example.com', '2026-04-19T14:06:34.558787');
INSERT INTO users (id, u_nm, email_addr, created_at) VALUES (52777, 'wlee', 'cindylopez@example.org', '2026-02-24T17:34:06.140117');
INSERT INTO users (id, u_nm, email_addr, created_at) VALUES (17615, 'jessica60', 'znewman@example.com', '2026-06-10T05:53:09.423140');
INSERT INTO users (id, u_nm, email_addr, created_at) VALUES (39773, 'edwardrice', 'rodney30@example.net', '2026-02-09T16:46:29.010703');
INSERT INTO users (id, u_nm, email_addr, created_at) VALUES (43165, 'lfry', 'powelltheresa@example.org', '2026-04-02T05:38:02.195471');
INSERT INTO users (id, u_nm, email_addr, created_at) VALUES (36074, 'yyoung', 'michealsmith@example.net', '2026-02-03T09:13:02.985026');
INSERT INTO users (id, u_nm, email_addr, created_at) VALUES (68015, 'adickson', 'steven67@example.org', '2026-02-11T00:59:09.091699');



-- Data for posts
INSERT INTO posts (id, user_id, body, published, title, views) VALUES (15529, 14096, 'Whose red possible choice skin throughout dog. Laugh movement and lay task produce practice.
Edge vote threat area. Movie even cost challenge. Six economy range.
This phone health. Level impact page wait eye expect also despite.
For stand medical responsibility member vote. Listen receive alone action.
Community report leave specific local technology. No guess local catch outside out this. Resource budget Mrs challenge until road avoid.', FALSE, 'Simply TV trip suggest bring lawyer.', 29567);
INSERT INTO posts (id, user_id, body, published, title, views) VALUES (68876, 17615, 'Strong there miss through. Soon look hold family money let.
Decide write away within. Spend book tree there kind.
Break state effect pull outside customer people. Team lawyer letter series.
Ask voice source cold water pass. Race character difference month shake between and.
Husband seek training itself new need. Between goal part might.', FALSE, 'Task continue realize yourself past without Republican.', 50263);
INSERT INTO posts (id, user_id, body, published, title, views) VALUES (37269, 14862, 'Want local technology stock thousand loss. Course to general hotel adult local. Six across issue measure issue.
Color phone series individual. Agency own him become low staff. Boy think house serve improve science product hope.
Toward two writer view.
City manager phone. Skin never boy prevent then free hospital.
Within despite eight end million owner teach modern. Admit sea employee minute state. Bring resource news career adult. Maybe check raise marriage pick able throughout.', TRUE, 'Candidate prove provide peace dark artist.', 81993);
INSERT INTO posts (id, user_id, body, published, title, views) VALUES (69846, 54255, 'Girl sometimes fire during. Color tough serious.
Road position quite defense us great actually much. Himself ever industry box.
Record realize reason figure hospital avoid car. Two poor adult something series help take.
Street full point return school job manage. Involve interesting cultural before during forward power.
Physical trial president sign air.
Others film almost magazine paper cold. Yes fall option possible truth particular those something.', FALSE, 'Song visit gun there notice white.', 75090);
INSERT INTO posts (id, user_id, body, published, title, views) VALUES (47119, 39773, 'Campaign describe police quickly police court throw. Approach organization each might. Door plan population human often wrong.
Measure experience where unit deep billion program. Society main risk position pick begin today.
Possible collection describe conference history. Leader meeting table game kind.
Realize brother consider ask official interest. Become far number north fast see hour.
Information budget anything they. Window direction my Mr possible realize.', FALSE, 'Someone interest film.', 75912);
INSERT INTO posts (id, user_id, body, published, title, views) VALUES (28663, 5916, 'Staff of report. About teach wait TV enough something study.
Side buy here. Appear worry face guy campaign.
Pretty although campaign green team. Effort ground agent these keep eat pretty. Include believe during state medical thought purpose.
They happy this indicate easy. Financial seat or public friend view too.
Listen special single. Sign cell look second natural.
Now learn experience lot. Magazine federal argue over.', FALSE, 'Pick career natural evidence size.', 13422);
INSERT INTO posts (id, user_id, body, published, title, views) VALUES (64232, 14096, 'Son president real everything. Itself specific industry behavior. Different center politics administration decision why.
Law resource eat civil information tell least. Authority wrong as positive.
President course significant as threat kid. Reflect director night respond thousand open Republican. Research account somebody just.
Conference begin indeed speech week fund treat. Live this along improve.
Skill born ten value. Protect do sign term.', FALSE, 'Yes share war exist western.', 57088);
INSERT INTO posts (id, user_id, body, published, title, views) VALUES (99959, 14096, 'Face with collection country value detail month whole. Choice spend to market create top with.
East matter pay from wall crime decision. Interesting measure building tough work investment some.
Listen ready light country consider forward but. And hold government ask let behavior early. Last character decade decide hair hold quality environment.
That manager dream wait often gas. Smile yeah stock might central.
Yeah peace fire happen. Catch lay particularly guy then evening simple.', TRUE, 'Skill detail person baby view.', 60430);
INSERT INTO posts (id, user_id, body, published, title, views) VALUES (45195, 86813, 'Point name one long main reality black. Action available today after. Little develop data offer leave record traditional surface.
You certainly form prevent church. Hotel radio TV. Fire street us.
Big section reduce stuff month believe. Work director happy subject behind measure compare simple.
Person go history bed.
Rise require whom he compare style. Buy appear candidate force many voice. Practice must tree never including represent analysis guy.
Bad move lead last. Lay through strategy.', FALSE, 'Minute choice main loss pass leave.', 22209);
INSERT INTO posts (id, user_id, body, published, title, views) VALUES (79523, 52591, 'Sure cause view charge. Notice PM bag social.
Affect green hope father sport. Issue process seem administration life newspaper pattern management. Pretty red address benefit.
Will economy for president middle recent I score. Leg score yes defense necessary blood.
Protect data send drop about decide range. Assume until lot such management test. Industry him artist thank.', FALSE, 'Hard threat today teach guy security keep.', 81562);
INSERT INTO posts (id, user_id, body, published, title, views) VALUES (2495, 17615, 'Whole public claim final field within test. Evidence fast receive television light.
Walk support strategy if. Toward treat play magazine church minute source.
Prevent contain into middle drop establish past.
Case indicate hotel strong. Summer treatment realize need. Get rest smile kid sometimes indeed child.
Dinner discover citizen course assume body age. Anything economic soon clear.
Few lose fill wish race turn car. Something science system most instead mother.', FALSE, 'Leg quite body.', 72295);
INSERT INTO posts (id, user_id, body, published, title, views) VALUES (76581, 14096, 'Note common born half. Behavior front outside me attack pick mention report.
Fish center face. Myself increase market friend add life speech.
Amount moment grow direction. Believe collection save fire its expect peace maybe.
Attorney many owner defense eat board hour drop. Entire list opportunity agency material. Picture purpose improve study run culture week.
Your law owner name production particularly like. Strategy city so hear weight Congress mission.', TRUE, 'Our present middle create growth if between.', 73669);
INSERT INTO posts (id, user_id, body, published, title, views) VALUES (44752, 14862, 'Free perform be amount decade room. Debate through care call. Book benefit along strong like. Manager another leg positive long enter.
Somebody region author personal Republican that. Candidate go concern tree say investment.
Blood law too prepare.
Loss by several window need. Open role word imagine able. Allow perform anyone opportunity structure quickly recent low.
Kind statement situation someone.', TRUE, 'Picture degree culture instead car.', 63688);
INSERT INTO posts (id, user_id, body, published, title, views) VALUES (5903, 22234, 'Specific exist win home conference. Exist identify involve worry particularly according.
Similar participant could term. Since Democrat agent eye loss half.
Ability red ago will involve own note music. Me experience item claim central. Large performance smile thing baby put ground.
Final discuss issue drug special use. Able opportunity officer second.', TRUE, 'Accept actually stage form present.', 9914);
INSERT INTO posts (id, user_id, body, published, title, views) VALUES (54340, 50729, 'Value focus per. Few still Mr father whose tough when. Church leg book heavy. Structure seem have sell end plant possible.
Sign important sound pull door natural.
Film fill budget movement allow. Carry turn factor pull. Attack visit wear give.
Arrive and miss born manage feel. Company allow unit reason card role although particularly. Worry large the area society share husband. Various of stuff decade hard picture family.', FALSE, 'Fill network movie community full.', 66003);
INSERT INTO posts (id, user_id, body, published, title, views) VALUES (95806, 14096, 'Student sure section next. Somebody spring five company stock.
Continue stuff clearly travel. For high action window much specific half later. Show very address her send project yet foot.
Travel list over board indeed question. Commercial why decision her. There bed next same difference conference.
At model main across. Off chance explain could best. Cover hand message necessary maintain score.
Free young father. Research adult consumer PM hope and.', FALSE, 'Entire particular student hear very.', 26211);
INSERT INTO posts (id, user_id, body, published, title, views) VALUES (52747, 14862, 'Certainly front sit interview follow again. Rise stage yes popular all fire. Heart wife no situation believe.
Share road focus beautiful speak seem party around. Leg single only central conference. Name institution at behavior or both war.
Politics pull section. And if form never today final where. Ahead nation eye simply.
Cold sell whose fire at foot. Follow tonight remain manager responsibility your model.', FALSE, 'Do learn on sport imagine religious improve.', 72428);
INSERT INTO posts (id, user_id, body, published, title, views) VALUES (28079, 86813, 'Consider card more than.
Friend almost effect oil certain. Sea control activity many care.
Air look science nice increase physical day. If American rock ahead study vote.
Expert team idea apply. North remain seat southern recent couple it. Far wear south various sense until imagine.
Road however unit poor risk individual fill. Discuss major owner. Decision coach student peace series.
Security much Republican peace region. Involve stock attack race control training people.', TRUE, 'Ball task one summer against think.', 13125);
INSERT INTO posts (id, user_id, body, published, title, views) VALUES (50480, 14096, 'Perhaps expert week gun long reach adult. Authority situation keep protect anyone. Across operation floor still see we before care.
Field thought son choose. Debate site when anyone including. Environmental yeah take condition world.
Hour off into consider if how federal. Hotel sometimes improve two simply paper.
Free black because throw region threat. Author later parent. Voice way take behavior leg idea shake.
Up true wrong yet. Lawyer pass place garden experience letter learn.', FALSE, 'Expert black give because.', 2011);
INSERT INTO posts (id, user_id, body, published, title, views) VALUES (84153, 39773, 'Article turn president which decision choice form. Single right gas pay surface. Power something city give rate would far.
Only peace rise two exactly newspaper. Want center eight for.
Long claim beat. Key society space none music. City real sort exist happy bed relate recently.
Trade indeed class. Sing whatever send total. Such stage approach action.
Exactly size method. Father over soon outside until cold.', FALSE, 'View reveal environmental military alone mission husband world.', 28126);



-- Data for comments
INSERT INTO comments (id, post_id, user_id, content) VALUES (88740, 2495, 86813, 'Between father others film. This phone miss start receive hope. International manager evidence you oil director season. Only idea relationship else trouble Congress moment pretty.');
INSERT INTO comments (id, post_id, user_id, content) VALUES (98131, 84153, 39773, 'Occur begin end enter attorney mother. Approach raise significant prevent fight. Human myself laugh practice cause red avoid.');
INSERT INTO comments (id, post_id, user_id, content) VALUES (12825, 69846, 14096, 'Safe site family measure factor low most information. Receive thing yourself everybody black. Wear hot third tree under different. Fall moment offer bad loss improve people. Improve fly up continue whatever agreement moment.');
INSERT INTO comments (id, post_id, user_id, content) VALUES (64065, 28079, 55661, 'Budget actually minute man blood. Beat wish summer identify exist. Free direction do miss. Over build type sister dinner sure summer. Response family film design team alone out. Born long traditional candidate fire how ability.');
INSERT INTO comments (id, post_id, user_id, content) VALUES (77424, 64232, 17615, 'Hand process so blood. Travel million we kid. Fight any positive executive able. Unit onto use notice recently court able. Walk mouth best opportunity property. Listen among nation story major leg TV.');
INSERT INTO comments (id, post_id, user_id, content) VALUES (14573, 79523, 39773, 'This surface white no. Score next them information audience total art. Throw trip skill system walk manage. Consumer customer billion rather take long. Fall this fall method hand eat agreement.');
INSERT INTO comments (id, post_id, user_id, content) VALUES (10363, 76581, 22234, 'Purpose all would may including American. Large degree face single feel son. State they turn man attack less marriage clear.');
INSERT INTO comments (id, post_id, user_id, content) VALUES (137, 5903, 50729, 'Serious say might difficult. Speak much among where you religious something ready. Grow how doctor democratic. Can speech miss budget push evidence. Face at reach game nothing.');
INSERT INTO comments (id, post_id, user_id, content) VALUES (49806, 54340, 14862, 'Old remain add its within process compare. City finish like table. Sort often soldier guy member energy. Loss simple else well. Along within society strategy challenge realize.');
INSERT INTO comments (id, post_id, user_id, content) VALUES (65609, 50480, 54255, 'Anyone management support across. Now piece fill war fill put admit official. Deep dark task believe return phone.');
INSERT INTO comments (id, post_id, user_id, content) VALUES (36712, 79523, 81493, 'Show because yes TV sea whole quality score. Include represent so event. Better organization theory cut sister simple chance. Happen cut late picture. Usually much way news. Arrive exist think increase nation all.');
INSERT INTO comments (id, post_id, user_id, content) VALUES (98002, 68876, 52777, 'Start receive speech grow. Important foreign sure. Popular city billion despite democratic whom water. Budget since wish nice participant development of. Yard hand everything claim contain. Reach miss cultural mouth southern high pretty.');
INSERT INTO comments (id, post_id, user_id, content) VALUES (74452, 28663, 52777, 'Event choose avoid site turn. Section southern serve drop the rich better big. Benefit yes though worry know budget year tax. Laugh oil stock imagine design. Oil plant score cup argue. Change thing to same walk scientist break.');
INSERT INTO comments (id, post_id, user_id, content) VALUES (72210, 64232, 14862, 'Man television training vote serious play Democrat beyond. Interesting often reality bit well. Include several always bill health for capital.');
INSERT INTO comments (id, post_id, user_id, content) VALUES (33104, 28663, 17615, 'East too compare feeling example goal. Stand bring change artist. Space nor government beyond.');
INSERT INTO comments (id, post_id, user_id, content) VALUES (64523, 45195, 86813, 'Return just now stage TV wall already. Matter admit sense sing class baby open. Never process help mission put very inside. Race want bring staff religious.');
INSERT INTO comments (id, post_id, user_id, content) VALUES (25796, 28663, 50729, 'Southern yet how series. Every parent page owner important leave there. Else traditional marriage toward test your. Up hour heavy.');
INSERT INTO comments (id, post_id, user_id, content) VALUES (40569, 15529, 39773, 'Heart while choose already another themselves. Involve fish avoid stage thousand value reduce. System lose scene speech since.');
INSERT INTO comments (id, post_id, user_id, content) VALUES (3727, 2495, 39773, 'Everything nice meet even much pass. Prevent focus customer century. Return across six tonight party mention soon total. Wife daughter return plant trade.');
INSERT INTO comments (id, post_id, user_id, content) VALUES (16622, 95806, 17615, 'Plan establish push word fall. True name officer point what. Read right mother pick above work care. Memory for magazine into walk. Near sell often under west Congress us.');

